Spectrum Title,Peptide,Global Score,PSSM Title,PSSM Score,Combined Score
20190208_PC9_C18_40%_Ziptip_epitope_Rep1.10000.10000.2.dta,PYQQWEDER,0.517010639910473,HLA-A_0201.csv.pssm,0.0469,0.024247799011801182
20190208_PC9_C18_40%_Ziptip_epitope_Rep1.10000.10000.2.dta,PYQQWEDER,0.517010639910473,HLA-A_0101.csv.pssm,0.0812,0.04198126396073041
20190208_PC9_C18_40%_Ziptip_epitope_Rep1.10000.10000.2.dta,PYQQWEDER,0.517010639910473,uniform,0.0476,0.024609706459738517
20190208_PC9_C18_40%_Ziptip_epitope_Rep1.10001.10001.2.dta,GYVMGTVAM,0.4553149001750821,HLA-A_0201.csv.pssm,0.04201111111111111,0.019128284861799835
20190208_PC9_C18_40%_Ziptip_epitope_Rep1.10001.10001.2.dta,GYVMGTVAM,0.4553149001750821,HLA-A_0101.csv.pssm,0.037866666666666667,0.017241257553296443
20190208_PC9_C18_40%_Ziptip_epitope_Rep1.10001.10001.2.dta,GYVMGTVAM,0.4553149001750821,uniform,0.0476,0.02167298924833391
20190208_PC9_C18_40%_Ziptip_epitope_Rep1.10003.10003.2.dta,EAIGYHEAGCPG,0.6190325075970535,HLA-A_0201.csv.pssm,0.05508333333333334,0.0340983739601377
20190208_PC9_C18_40%_Ziptip_epitope_Rep1.10003.10003.2.dta,EAIGYHEAGCPG,0.6190325075970535,HLA-A_0101.csv.pssm,0.0418,0.025875558817556835
20190208_PC9_C18_40%_Ziptip_epitope_Rep1.10003.10003.2.dta,EAIGYHEAGCPG,0.6190325075970535,uniform,0.0476,0.02946594736161975
20190208_PC9_C18_40%_Ziptip_epitope_Rep1.10004.10004.3.dta,HYADIYQTL,0.7065440329653132,HLA-A_0201.csv.pssm,0.0457,0.032289062306514814
20190208_PC9_C18_40%_Ziptip_epitope_Rep1.10004.10004.3.dta,HYADIYQTL,0.7065440329653132,HLA-A_0101.csv.pssm,0.0731,0.051648368809764394
20190208_PC9_C18_40%_Ziptip_epitope_Rep1.10004.10004.3.dta,HYADIYQTL,0.7065440329653132,uniform,0.0476,0.03363149596914891
20190208_PC9_C18_40%_Ziptip_epitope_Rep1.10007.10007.0.dta,QAFLPLM+15.995PV,0.7696396498743823,HLA-A_0201.csv.pssm,0.056411111111111106,0.043416227804580425
20190208_PC9_C18_40%_Ziptip_epitope_Rep1.10007.10007.0.dta,QAFLPLM+15.995PV,0.7696396498743823,HLA-A_0101.csv.pssm,0.04412222222222222,0.0339582116627908
20190208_PC9_C18_40%_Ziptip_epitope_Rep1.10007.10007.0.dta,QAFLPLM+15.995PV,0.7696396498743823,uniform,0.0476,0.0366348473340206
20190208_PC9_C18_40%_Ziptip_epitope_Rep1.10013.10013.2.dta,FGVTGVGVGGGA,0.7678199805814301,HLA-A_0201.csv.pssm,0.075,0.057586498543607256
20190208_PC9_C18_40%_Ziptip_epitope_Rep1.10013.10013.2.dta,FGVTGVGVGGGA,0.7678199805814301,HLA-A_0101.csv.pssm,0.052583333333333336,0.04037453397890687
20190208_PC9_C18_40%_Ziptip_epitope_Rep1.10013.10013.2.dta,FGVTGVGVGGGA,0.7678199805814301,uniform,0.0476,0.03654823107567608
20190208_PC9_C18_40%_Ziptip_epitope_Rep1.10014.10014.2.dta,ALAQSSASV,0.6332257483644146,HLA-A_0201.csv.pssm,0.06682222222222221,0.04231355167403988
20190208_PC9_C18_40%_Ziptip_epitope_Rep1.10014.10014.2.dta,ALAQSSASV,0.6332257483644146,HLA-A_0101.csv.pssm,0.08552222222222222,0.05415487316845444
20190208_PC9_C18_40%_Ziptip_epitope_Rep1.10014.10014.2.dta,ALAQSSASV,0.6332257483644146,uniform,0.0476,0.030141545622146135
20190208_PC9_C18_40%_Ziptip_epitope_Rep1.10015.10015.2.dta,GTSNVCFSL,0.6706472310658101,HLA-A_0201.csv.pssm,0.050744444444444446,0.0340316211586395
20190208_PC9_C18_40%_Ziptip_epitope_Rep1.10015.10015.2.dta,GTSNVCFSL,0.6706472310658101,HLA-A_0101.csv.pssm,0.0698,0.04681117672839355
20190208_PC9_C18_40%_Ziptip_epitope_Rep1.10015.10015.2.dta,GTSNVCFSL,0.6706472310658101,uniform,0.0476,0.03192280819873256
20190208_PC9_C18_40%_Ziptip_epitope_Rep1.10016.10016.2.dta,DPDWQQAEM+15.995S,0.6980792970891869,HLA-A_0201.csv.pssm,0.03818,0.026652667562865155
20190208_PC9_C18_40%_Ziptip_epitope_Rep1.10016.10016.2.dta,DPDWQQAEM+15.995S,0.6980792970891869,HLA-A_0101.csv.pssm,0.05271,0.03679575974957104
20190208_PC9_C18_40%_Ziptip_epitope_Rep1.10016.10016.2.dta,DPDWQQAEM+15.995S,0.6980792970891869,uniform,0.0476,0.0332285745414453
20190208_PC9_C18_40%_Ziptip_epitope_Rep1.10017.10017.2.dta,SQWDSM+15.995RPV,0.7679415835379038,HLA-A_0201.csv.pssm,0.029933333333333333,0.022987051400567917
20190208_PC9_C18_40%_Ziptip_epitope_Rep1.10017.10017.2.dta,SQWDSM+15.995RPV,0.7679415835379038,HLA-A_0101.csv.pssm,0.03227777777777778,0.02478744777975123
20190208_PC9_C18_40%_Ziptip_epitope_Rep1.10017.10017.2.dta,SQWDSM+15.995RPV,0.7679415835379038,uniform,0.0476,0.03655401937640422
